id,name,url,organization,description,cvsUrl
1,'ProjectTest1','http://www.test1.es','TestOrganization1','Lorem ipsum dolor sit amet, consectetur adipiscing elit. Aenean at tortor eu mauris eleifend facilisis non non lacus. Maecenas eu iaculis ante, consequat ultricies libero.','http://www.cvs1.com'
2,'ProjectTest2','http://www.test2.es','TestOrganization2','Lorem ipsum dolor sit amet, consectetur adipiscing elit. Aenean at tortor eu mauris eleifend facilisis non non lacus. Maecenas eu iaculis ante, consequat ultricies libero.','http://www.cvs2.com'
3,'ProjectTest3','http://www.test3.es','TestOrganization3','Lorem ipsum dolor sit amet, consectetur adipiscing elit. Aenean at tortor eu mauris eleifend facilisis non non lacus. Maecenas eu iaculis ante, consequat ultricies libero.','http://www.cvs3.com'
4,'ProjectTest4','http://www.test4.es','TestOrganization4','Lorem ipsum dolor sit amet, consectetur adipiscing elit. Aenean at tortor eu mauris eleifend facilisis non non lacus. Maecenas eu iaculis ante, consequat ultricies libero.','http://www.cvs4.com'
5,'ProjectTest5','http://www.test5.es','TestOrganization5','Lorem ipsum dolor sit amet, consectetur adipiscing elit. Aenean at tortor eu mauris eleifend facilisis non non lacus. Maecenas eu iaculis ante, consequat ultricies libero.','http://www.cvs5.com'
6,'ProjectTest6','http://www.test6.es','TestOrganization6','Lorem ipsum dolor sit amet, consectetur adipiscing elit. Aenean at tortor eu mauris eleifend facilisis non non lacus. Maecenas eu iaculis ante, consequat ultricies libero.','http://www.cvs6.com'
7,'ProjectTest7','http://www.test7.es','TestOrganization7','Lorem ipsum dolor sit amet, consectetur adipiscing elit. Aenean at tortor eu mauris eleifend facilisis non non lacus. Maecenas eu iaculis ante, consequat ultricies libero.','http://www.cvs7.com'
8,'ProjectTest8','http://www.test8.es','TestOrganization8','Lorem ipsum dolor sit amet, consectetur adipiscing elit. Aenean at tortor eu mauris eleifend facilisis non non lacus. Maecenas eu iaculis ante, consequat ultricies libero.','http://www.cvs8.com'
9,'ProjectTest9','http://www.test9.es','TestOrganization9','Lorem ipsum dolor sit amet, consectetur adipiscing elit. Aenean at tortor eu mauris eleifend facilisis non non lacus. Maecenas eu iaculis ante, consequat ultricies libero.','http://www.cvs9.com'
10,'ProjectTest10','http://www.test10.es','TestOrganization10','Lorem ipsum dolor sit amet, consectetur adipiscing elit. Aenean at tortor eu mauris eleifend facilisis non non lacus. Maecenas eu iaculis ante, consequat ultricies libero.','http://www.cvs10.com'
